99 , 0 , 512 , 2247.322700058809 , 0.71, 0.95, 0.57 , Job: 0 ClusterQuery 0: 710 game play hockey ## ClusterQuery 1: 559 christ church bible ## ClusterQuery 2: 526 space ## , Thu Feb 22 10:14:51 GMT 2018, indexes/20NG3SpaceHockeyChristian 
99 , 0 , 512 , 66.45576267363026 , 0.11, 0.89, 0.13 , Job: 0 ClusterQuery 0: 4 armenians ## ClusterQuery 1: 1461 space off first two ## ClusterQuery 2: 2 armenian ## ClusterQuery 3: 3 israeli ## ClusterQuery 4: 3 turkish ## , Thu Feb 22 10:16:45 GMT 2018, indexes/20NG5WindowsMotorcyclesSpaceMedMideast 
99 , 0 , 512 , 377.71963761644923 , 0.16, 0.81, 0.17 , Job: 0 ClusterQuery 0: 3 prayforboston wildfire amp ## ClusterQuery 1: 1 tsa bombing ## ClusterQuery 2: 1177 people suspect colorado news boston los ## , Thu Feb 22 10:17:23 GMT 2018, indexes/crisis3FireBombFlood 
99 , 0 , 512 , 143.07931250292174 , 0.18, 0.63, 0.15 , Job: 0 ClusterQuery 0: 9 supersonic ## ClusterQuery 1: 972 may number body pressure ## ClusterQuery 2: 108 effect ## ClusterQuery 3: 88 library theory layer ## , Thu Feb 22 10:18:19 GMT 2018, indexes/classic4_500 
99 , 0 , 512 , 3799.8313150763984 , 0.77, 0.94, 0.66 , Job: 0 ClusterQuery 0: 592 space nasa ## ClusterQuery 1: 787 christians christ bible sin god ## ClusterQuery 2: 710 game hockey play ## , Thu Feb 22 10:51:46 GMT 2018, indexes/20NG3SpaceHockeyChristian 
99 , 0 , 512 , 82.94581158368669 , 0.18, 0.87, 0.13 , Job: 0 ClusterQuery 0: 578 window space program ## ClusterQuery 1: 3 bike israeli ## ClusterQuery 2: 4 armenians armenian ## ClusterQuery 3: 288 state ## ClusterQuery 4: 3 turkish ## , Thu Feb 22 10:53:33 GMT 2018, indexes/20NG5WindowsMotorcyclesSpaceMedMideast 
99 , 0 , 512 , 729.5262548091333 , 0.17, 0.8, 0.21 , Job: 0 ClusterQuery 0: 1 dzhokhar bigwet lax ## ClusterQuery 1: 1522 fire know la go year ## ClusterQuery 2: 1 highparkfire bombing tsarnaev qld qpsmedia ## , Thu Feb 22 10:54:14 GMT 2018, indexes/crisis3FireBombFlood 
99 , 0 , 512 , 167.4056465520317 , 0.17, 0.67, 0.15 , Job: 0 ClusterQuery 0: 108 effect ## ClusterQuery 1: 7 mach ## ClusterQuery 2: 975 may number body theory ## ClusterQuery 3: 60 layer transfer cells library ## , Thu Feb 22 10:55:07 GMT 2018, indexes/classic4_500 
99 , 0 , 512 , 3803.871665200429 , 0.77, 0.95, 0.66 , Job: 0 ClusterQuery 0: 701 hockey games game ## ClusterQuery 1: 852 god church christian sin christians ## ClusterQuery 2: 526 space ## , Thu Feb 22 11:13:48 GMT 2018, indexes/20NG3SpaceHockeyChristian 
99 , 0 , 512 , 522.4404788127321 , 0.16, 0.62, 0.21 , Job: 0 ClusterQuery 0: 3 laxshooting dzhokhar amp gunman ## ClusterQuery 1: 2 queensland bigwet highparkfire ## ClusterQuery 2: 1689 year going know prayforboston new boston ## , Thu Feb 22 11:14:29 GMT 2018, indexes/crisis3FireBombFlood 
99 , 0 , 512 , 168.05202309779435 , 0.17, 0.65, 0.15 , Job: 0 ClusterQuery 0: 51 transfer library cells ## ClusterQuery 1: 975 number body theory may ## ClusterQuery 2: 108 effect ## ClusterQuery 3: 7 mach ## , Thu Feb 22 11:15:20 GMT 2018, indexes/classic4_500 
99 , 0 , 512 , 188.94382606292515 , 0.33, 0.66, 0.3 , Job: 0 ClusterQuery 0: 161 gastric ## ClusterQuery 1: 1344 lung liver subjects pulmonary syndrome therapy ## ClusterQuery 2: 184 children ## , Thu Feb 22 13:09:09 GMT 2018, indexes/Ohsc06MuscC08RespC11Eye 
99 , 0 , 512 , 259.9231865704345 , 0.26, 0.49, 0.22 , Job: 0 ClusterQuery 0: 216 subjects ## ClusterQuery 1: 211 cells ## ClusterQuery 2: 1073 therapy children infection months respiratory ## , Thu Feb 22 14:34:17 GMT 2018, indexes/Ohsc06MuscC08RespC11Eye 
199 , 0 , 512 , 673.4816409191357 , 0.42, 0.75, 0.31 , Job: 0 ClusterQuery 0: 622 pulmonary lung ## ClusterQuery 1: 353 virus liver ## ClusterQuery 2: 339 gastric children ## , Thu Feb 22 14:48:08 GMT 2018, indexes/Ohsc06MuscC08RespC11Eye 
399 , 0 , 512 , 935.4986516767079 , 0.44, 0.91, 0.33 , Job: 0 ClusterQuery 0: 277 liver hepatitis ## ClusterQuery 1: 782 lung pulmonary respiratory ## ClusterQuery 2: 161 gastric ## , Thu Feb 22 15:02:41 GMT 2018, indexes/Ohsc06MuscC08RespC11Eye 
99 , 0 , 512 , 561.6656279199672 , 0.51, 0.85, 0.39 , Job: 0 ClusterQuery 0: 331 supersonic heat layer ## ClusterQuery 1: 156 cases ## ClusterQuery 2: 310 library research ## ClusterQuery 3: 104 cells ## , Thu Feb 22 15:16:08 GMT 2018, indexes/classic4_500 
99 , 0 , 512 , 26.150015005518735 , 0.13, 0.61, 0.12 , Job: 0 ClusterQuery 0: 4 colorado australia fire ## ClusterQuery 1: 436 new affected one ## ClusterQuery 2: 6 victims police update ## , Thu Feb 22 15:16:24 GMT 2018, indexes/crisis3FireBombFlood 
99 , 0 , 512 , 121.19297218902486 , 0.39, 0.7, 0.29 , Job: 0 ClusterQuery 0: 355 years pressure treated ## ClusterQuery 1: 188 human syndrome cells ## ClusterQuery 2: 91 six levels hepatitis ## , Thu Feb 22 15:16:47 GMT 2018, indexes/Ohsc06MuscC08RespC11Eye 
599 , 0 , 512 , 730.7205112809063 , 0.5, 0.81, 0.38 , Job: 0 ClusterQuery 0: 251 patients supersonic ## ClusterQuery 1: 104 cells ## ClusterQuery 2: 310 research library ## ClusterQuery 3: 307 solution heat equations ## , Thu Feb 22 15:23:34 GMT 2018, indexes/classic4_500 
599 , 0 , 512 , 26.218309048391045 , 0.13, 0.59, 0.12 , Job: 0 ClusterQuery 0: 7 colorado update victims ## ClusterQuery 1: 3 fire bomb shooting ## ClusterQuery 2: 436 one new affected ## , Thu Feb 22 15:25:18 GMT 2018, indexes/crisis3FireBombFlood 
599 , 0 , 512 , 156.55135698920068 , 0.37, 0.54, 0.28 , Job: 0 ClusterQuery 0: 326 six greater pressure ## ClusterQuery 1: 171 function year hepatic ## ClusterQuery 2: 248 control human cells ## , Thu Feb 22 15:27:42 GMT 2018, indexes/Ohsc06MuscC08RespC11Eye 
599 , 0 , 512 , 70.56594920385155 , 0.27, 0.5, 0.19 , Job: 0 ClusterQuery 0: 121 right year last ## ClusterQuery 1: 290 system second best ## ClusterQuery 2: 178 point us power ## , Thu Feb 22 15:29:52 GMT 2018, indexes/20NG3SpaceHockeyChristian 
599 , 0 , 512 , 362.77024480819136 , 0.49, 0.97, 0.33 , Job: 0 ClusterQuery 0: 115 supersonic ## ClusterQuery 1: 188 library ## ClusterQuery 2: 234 cells patients ## ClusterQuery 3: 148 heat transfer ## , Thu Feb 22 15:41:22 GMT 2018, indexes/classic4_500 
599 , 0 , 512 , 26.218309048391045 , 0.13, 0.58, 0.12 , Job: 0 ClusterQuery 0: 4 bomb victims shooting ## ClusterQuery 1: 436 one new affected ## ClusterQuery 2: 6 fire colorado update ## , Thu Feb 22 15:43:06 GMT 2018, indexes/crisis3FireBombFlood 
599 , 0 , 512 , 156.55135698920068 , 0.37, 0.54, 0.28 , Job: 0 ClusterQuery 0: 326 six pressure greater ## ClusterQuery 1: 171 hepatic year function ## ClusterQuery 2: 248 human control cells ## , Thu Feb 22 15:45:21 GMT 2018, indexes/Ohsc06MuscC08RespC11Eye 
599 , 0 , 512 , 70.56594920385155 , 0.27, 0.5, 0.19 , Job: 0 ClusterQuery 0: 178 power point us ## ClusterQuery 1: 290 second system best ## ClusterQuery 2: 121 last year right ## , Thu Feb 22 15:47:22 GMT 2018, indexes/20NG3SpaceHockeyChristian 
599 , 0 , 512 , 695.4881615913513 , 0.48, 0.81, 0.36 , Job: 0 ClusterQuery 0: 104 cells ## ClusterQuery 1: 326 library research libraries ## ClusterQuery 2: 251 supersonic patients ## ClusterQuery 3: 230 equations solution ## , Thu Feb 22 15:59:28 GMT 2018, indexes/classic4_500 
599 , 0 , 512 , 26.218309048391045 , 0.13, 0.58, 0.12 , Job: 0 ClusterQuery 0: 436 affected new one ## ClusterQuery 1: 6 update colorado bomb ## ClusterQuery 2: 4 shooting victims fire ## , Thu Feb 22 16:01:12 GMT 2018, indexes/crisis3FireBombFlood 
599 , 0 , 512 , 148.40804844285066 , 0.34, 0.53, 0.27 , Job: 0 ClusterQuery 0: 184 year symptoms function ## ClusterQuery 1: 149 primary subjects human ## ClusterQuery 2: 396 pressure small greater ## , Thu Feb 22 16:03:32 GMT 2018, indexes/Ohsc06MuscC08RespC11Eye 
599 , 0 , 512 , 88.00354861394935 , 0.27, 0.68, 0.22 , Job: 0 ClusterQuery 0: 381 point right made ## ClusterQuery 1: 2 win players john ## ClusterQuery 2: 253 against last system ## , Thu Feb 22 16:05:35 GMT 2018, indexes/20NG3SpaceHockeyChristian 
99 , 0 , 512 , 4806.876613111032 , 0.74, 0.79, 0.73 , Job: 0 ClusterQuery 0: 730 marathon boston prayforboston ## ClusterQuery 1: 771 qldfloods bigwet highparkfire ## ClusterQuery 2: 1494 colorado lax shooting ## , Thu Feb 22 16:11:18 GMT 2018, indexes/crisis3FireBombFlood 
69 , 0 , 512 , 4648.9433256750535 , 0.81, 0.87, 0.79 , Job: 0 ClusterQuery 0: 1375 shooting lax bigwet ## ClusterQuery 1: 730 marathon boston prayforboston ## ClusterQuery 2: 808 highparkfire colorado wildfire ## , Thu Feb 22 16:13:21 GMT 2018, indexes/crisis3FireBombFlood 
69 , 0 , 512 , 75.79872603191285 , 0.07, 0.41, 0.04 , Job: 0 ClusterQuery 0: 92 high time ## ClusterQuery 1: 68 three made ## ClusterQuery 2: 48 used first ## ClusterQuery 3: 155 two during one ## , Thu Feb 22 16:13:41 GMT 2018, indexes/classic4_500 
69 , 0 , 512 , 183.86859641185498 , 0.47, 0.83, 0.35 , Job: 0 ClusterQuery 0: 321 pressure shock supersonic ## ClusterQuery 1: 147 computer ## ClusterQuery 2: 109 libraries ## ClusterQuery 3: 234 patients cells ## , Thu Feb 22 16:20:30 GMT 2018, indexes/classic4_500 
69 , 0 , 512 , 267.6673637607381 , 0.55, 0.93, 0.43 , Job: 0 ClusterQuery 0: 136 patients ## ClusterQuery 1: 416 layer flow ## ClusterQuery 2: 292 systems library ## ClusterQuery 3: 104 cells ## , Thu Feb 22 16:28:21 GMT 2018, indexes/classic4_500 
69 , 0 , 512 , 217.63326930880882 , 0.43, 0.73, 0.33 , Job: 0 ClusterQuery 0: 403 flow velocity ## ClusterQuery 1: 104 cells ## ClusterQuery 2: 147 computer ## ClusterQuery 3: 245 patients libraries ## , Thu Feb 22 16:30:12 GMT 2018, indexes/classic4_500 
69 , 0 , 512 , 26.183274240719378 , 0.13, 0.63, 0.12 , Job: 0 ClusterQuery 0: 436 one new affected ## ClusterQuery 1: 4 bomb shooting victims ## ClusterQuery 2: 6 colorado police update ## , Thu Feb 22 16:30:24 GMT 2018, indexes/crisis3FireBombFlood 
49 , 0 , 512 , 234.19678811928475 , 0.53, 0.95, 0.38 , Job: 0 ClusterQuery 0: 234 patients cells ## ClusterQuery 1: 215 equations laminar ## ClusterQuery 2: 115 supersonic ## ClusterQuery 3: 238 research libraries ## , Thu Feb 22 18:41:57 GMT 2018, indexes/classic4_500 
49 , 0 , 512 , 64.33272132197301 , 0.13, 0.79, 0.12 , Job: 0 ClusterQuery 0: 491 second made system ## ClusterQuery 1: 2 christians faith jesus ## ClusterQuery 2: 2 henry john win ## , Thu Feb 22 18:42:13 GMT 2018, indexes/20NG3SpaceHockeyChristian 
49 , 0 , 512 , 521.5968967001251 , 0.48, 0.82, 0.37 , Job: 0 ClusterQuery 0: 156 cases ## ClusterQuery 1: 310 research library ## ClusterQuery 2: 319 equations solution supersonic ## ClusterQuery 3: 104 cells ## , Thu Feb 22 18:46:13 GMT 2018, indexes/classic4_500 
49 , 0 , 512 , 55.75608700135542 , 0.17, 0.62, 0.14 , Job: 0 ClusterQuery 0: 417 made years point ## ClusterQuery 1: 1 win christianity nhl ## ClusterQuery 2: 72 against find ## , Thu Feb 22 18:46:30 GMT 2018, indexes/20NG3SpaceHockeyChristian 
49 , 0 , 512 , 183.71360322670344 , 0.57, 0.97, 0.43 , Job: 0 ClusterQuery 0: 104 cells ## ClusterQuery 1: 136 patients ## ClusterQuery 2: 288 boundary mach ## ClusterQuery 3: 390 library information ## , Thu Feb 22 18:54:20 GMT 2018, indexes/classic4_500 
49 , 0 , 512 , 64.33272132197301 , 0.13, 0.79, 0.12 , Job: 0 ClusterQuery 0: 2 faith god christians ## ClusterQuery 1: 491 made second system ## ClusterQuery 2: 2 john nhl win ## , Thu Feb 22 18:54:35 GMT 2018, indexes/20NG3SpaceHockeyChristian 
49 , 0 , 512 , 499.1431098775462 , 0.45, 0.83, 0.32 , Job: 0 ClusterQuery 0: 148 transfer heat ## ClusterQuery 1: 310 research library ## ClusterQuery 2: 251 supersonic patients ## ClusterQuery 3: 104 cells ## , Thu Feb 22 19:06:05 GMT 2018, indexes/classic4_500 
49 , 0 , 512 , 61.71733144526392 , 0.22, 0.42, 0.16 , Job: 0 ClusterQuery 0: 275 system second back ## ClusterQuery 1: 74 power us christians ## ClusterQuery 2: 201 right point year ## , Thu Feb 22 19:06:21 GMT 2018, indexes/20NG3SpaceHockeyChristian 
49 , 0 , 512 , 262.39411081205515 , 0.29, 0.52, 0.21 , Job: 0 ClusterQuery 0: 389 induced survival ## ClusterQuery 1: 216 subjects ## ClusterQuery 2: 705 case respiratory children ## , Mon Feb 26 10:00:44 GMT 2018, indexes/Ohsc06MuscC08RespC11Eye 
49 , 0 , 512 , 302.03278326011576 , 0.13, 0.49, 0.11 , Job: 0 ClusterQuery 0: 875 year years however ## ClusterQuery 1: 2 nhl bible things ## ClusterQuery 2: 10 off ## , Mon Feb 26 10:01:03 GMT 2018, indexes/20NG3SpaceHockeyChristian 
399 , 0 , 512 , 362.77024480819136 , 0.49, 0.97, 0.33 , Job: 0 ClusterQuery 0: 188 library ## ClusterQuery 1: 115 supersonic ## ClusterQuery 2: 234 patients cells ## ClusterQuery 3: 148 heat transfer ## , Mon Feb 26 10:14:53 GMT 2018, indexes/classic4_500 
399 , 0 , 512 , 334.6731687281194 , 0.41, 0.81, 0.29 , Job: 0 ClusterQuery 0: 339 gastric children ## ClusterQuery 1: 622 pulmonary lung ## ClusterQuery 2: 239 liver ## , Mon Feb 26 10:21:42 GMT 2018, indexes/Ohsc06MuscC08RespC11Eye 
399 , 0 , 512 , 4257.422219458676 , 0.72, 0.95, 0.62 , Job: 0 ClusterQuery 0: 771 christ jesus christian christians sin church ## ClusterQuery 1: 897 hockey season games game team ## ClusterQuery 2: 311 orbit shuttle ## , Mon Feb 26 10:26:34 GMT 2018, indexes/20NG3SpaceHockeyChristian 
399 , 0 , 512 , 362.77024480819136 , 0.49, 0.97, 0.33 , Job: 0 ClusterQuery 0: 234 patients cells ## ClusterQuery 1: 148 heat transfer ## ClusterQuery 2: 115 supersonic ## ClusterQuery 3: 188 library ## , Mon Feb 26 16:59:06 GMT 2018, indexes/classic4_500 
399 , 0 , 512 , 8059.632351864101 , 0.81, 0.79, 0.85 , Job: 0 ClusterQuery 0: 963 australia flooding colorado highparkfire springs ## ClusterQuery 1: 1436 boston marathon bostonmarathon bigwet qldfloods prayforboston ## ClusterQuery 2: 943 lax laxshooting shooting tsa airport ## , Mon Feb 26 17:03:23 GMT 2018, indexes/crisis3FireBombFlood 
399 , 0 , 512 , 358.2436374125741 , 0.3, 0.5, 0.24 , Job: 0 ClusterQuery 0: 867 control surgery pressure mean ## ClusterQuery 1: 165 carcinoma ## ClusterQuery 2: 643 response children virus infection ## , Mon Feb 26 17:07:04 GMT 2018, indexes/Ohsc06MuscC08RespC11Eye 
399 , 0 , 512 , 4052.149861911687 , 0.77, 0.94, 0.66 , Job: 0 ClusterQuery 0: 592 nasa space ## ClusterQuery 1: 890 christian sin church christians god jesus ## ClusterQuery 2: 614 hockey game ## , Mon Feb 26 17:11:16 GMT 2018, indexes/20NG3SpaceHockeyChristian 
399 , 0 , 512 , 480.83899685560584 , 0.59, 0.93, 0.49 , Job: 0 ClusterQuery 0: 136 patients ## ClusterQuery 1: 463 velocity flow layer boundary ## ClusterQuery 2: 410 research systems libraries library ## ClusterQuery 3: 104 cells ## , Mon Feb 26 17:22:58 GMT 2018, indexes/classic4_500 
399 , 0 , 512 , 7858.131837166413 , 0.8, 0.79, 0.82 , Job: 0 ClusterQuery 0: 939 colorado springs highparkfire floods wildfire ## ClusterQuery 1: 952 los laxshooting tsa lax shooting airport ## ClusterQuery 2: 1419 prayforboston flooding bigwet boston qldfloods ## , Mon Feb 26 17:27:05 GMT 2018, indexes/crisis3FireBombFlood 
399 , 0 , 512 , 251.10892789646823 , 0.4, 0.75, 0.32 , Job: 0 ClusterQuery 0: 1006 infection pulmonary respiratory children syndrome ## ClusterQuery 1: 436 liver subjects ## ClusterQuery 2: 161 gastric ## , Mon Feb 26 17:30:50 GMT 2018, indexes/Ohsc06MuscC08RespC11Eye 
399 , 0 , 512 , 4052.149861911687 , 0.77, 0.94, 0.66 , Job: 0 ClusterQuery 0: 890 christians sin jesus christian god church ## ClusterQuery 1: 614 game hockey ## ClusterQuery 2: 592 space nasa ## , Mon Feb 26 17:34:52 GMT 2018, indexes/20NG3SpaceHockeyChristian 
399 , 0 , 512 , 369.0812269883422 , 0.52, 0.92, 0.37 , Job: 0 ClusterQuery 0: 444 israeli israel ## ClusterQuery 1: 190 armenian armenians ## ClusterQuery 2: 613 space ## ClusterQuery 3: 414 bike ## ClusterQuery 4: 342 window ## , Mon Feb 26 17:43:14 GMT 2018, indexes/20NG5WindowsMotorcyclesSpaceMedMideast 
399 , 0 , 512 , 362.77024480819136 , 0.49, 0.97, 0.33 , Job: 0 ClusterQuery 0: 148 transfer heat ## ClusterQuery 1: 234 cells patients ## ClusterQuery 2: 188 library ## ClusterQuery 3: 115 supersonic ## , Mon Feb 26 17:55:38 GMT 2018, indexes/classic4_500 
399 , 1 , 512 , 247.18858910437433 , 0.59, 0.94, 0.49 , Job: 1 ClusterQuery 0: 136 patients ## ClusterQuery 1: 390 library information ## ClusterQuery 2: 461 boundary flow heat layer ## ClusterQuery 3: 104 cells ## , Mon Feb 26 17:58:57 GMT 2018, indexes/classic4_500 
399 , 0 , 512 , 8044.827341055597 , 0.81, 0.8, 0.84 , Job: 0 ClusterQuery 0: 895 los tsa airport shooting lax ## ClusterQuery 1: 1436 boston bostonmarathon marathon prayforboston qldfloods bigwet ## ClusterQuery 2: 982 floods highparkfire colorado fire springs ## , Mon Feb 26 18:03:12 GMT 2018, indexes/crisis3FireBombFlood 
399 , 1 , 512 , 8241.83877358335 , 0.81, 0.79, 0.85 , Job: 1 ClusterQuery 0: 953 qldfloods floods qld bigwet flooding laxshooting ## ClusterQuery 1: 1626 shooting boston lax prayforboston bostonmarathon ## ClusterQuery 2: 874 colorado fire wildfire highparkfire springs ## , Mon Feb 26 18:07:26 GMT 2018, indexes/crisis3FireBombFlood 
399 , 0 , 512 , 832.741216464934 , 0.24, 0.47, 0.17 , Job: 0 ClusterQuery 0: 173 pressure ## ClusterQuery 1: 459 children infection virus ## ClusterQuery 2: 538 tumor small carcinoma cancer ## , Mon Feb 26 18:11:17 GMT 2018, indexes/Ohsc06MuscC08RespC11Eye 
399 , 1 , 512 , 245.90916005694297 , 0.4, 0.8, 0.3 , Job: 1 ClusterQuery 0: 705 children pulmonary respiratory ## ClusterQuery 1: 161 gastric ## ClusterQuery 2: 436 liver subjects ## , Mon Feb 26 18:14:46 GMT 2018, indexes/Ohsc06MuscC08RespC11Eye 
399 , 0 , 512 , 4913.96012038926 , 0.81, 0.92, 0.72 , Job: 0 ClusterQuery 0: 864 play team games game ## ClusterQuery 1: 653 henry nasa space ## ClusterQuery 2: 822 christian christians god bible sin ## , Mon Feb 26 18:18:46 GMT 2018, indexes/20NG3SpaceHockeyChristian 
399 , 1 , 512 , 3799.8313150763984 , 0.77, 0.94, 0.66 , Job: 1 ClusterQuery 0: 787 sin god bible christians christ ## ClusterQuery 1: 710 game hockey play ## ClusterQuery 2: 592 nasa space ## , Mon Feb 26 18:22:55 GMT 2018, indexes/20NG3SpaceHockeyChristian 
399 , 0 , 512 , 410.2139717466039 , 0.49, 0.93, 0.34 , Job: 0 ClusterQuery 0: 414 bike ## ClusterQuery 1: 284 israeli ## ClusterQuery 2: 342 window ## ClusterQuery 3: 190 armenian armenians ## ClusterQuery 4: 613 space ## , Mon Feb 26 18:31:18 GMT 2018, indexes/20NG5WindowsMotorcyclesSpaceMedMideast 
399 , 1 , 512 , 410.2139717466039 , 0.49, 0.93, 0.34 , Job: 1 ClusterQuery 0: 414 bike ## ClusterQuery 1: 284 israeli ## ClusterQuery 2: 342 window ## ClusterQuery 3: 190 armenian armenians ## ClusterQuery 4: 613 space ## , Mon Feb 26 18:39:14 GMT 2018, indexes/20NG5WindowsMotorcyclesSpaceMedMideast 
399 , 0 , 512 , 329.58512444862055 , 0.55, 0.97, 0.43 , Job: 0 ClusterQuery 0: 213 library libraries ## ClusterQuery 1: 104 cells ## ClusterQuery 2: 136 patients ## ClusterQuery 3: 466 heat flow mach layer ## , Mon Feb 26 20:26:37 GMT 2018, indexes/classic4_500 
399 , 1 , 512 , 262.306632580078 , 0.6, 0.96, 0.48 , Job: 1 ClusterQuery 0: 104 cells ## ClusterQuery 1: 380 boundary mach heat supersonic ## ClusterQuery 2: 136 patients ## ClusterQuery 3: 390 information library ## , Mon Feb 26 20:29:54 GMT 2018, indexes/classic4_500 
399 , 2 , 512 , 260.5788581672683 , 0.59, 0.96, 0.46 , Job: 2 ClusterQuery 0: 104 cells ## ClusterQuery 1: 390 information library ## ClusterQuery 2: 136 patients ## ClusterQuery 3: 356 mach layer heat boundary ## , Mon Feb 26 20:33:07 GMT 2018, indexes/classic4_500 
399 , 3 , 512 , 362.77024480819136 , 0.49, 0.97, 0.33 , Job: 3 ClusterQuery 0: 115 supersonic ## ClusterQuery 1: 148 transfer heat ## ClusterQuery 2: 188 library ## ClusterQuery 3: 234 cells patients ## , Mon Feb 26 20:36:15 GMT 2018, indexes/classic4_500 
399 , 0 , 512 , 7658.965211300404 , 0.83, 0.83, 0.84 , Job: 0 ClusterQuery 0: 943 tsa lax shooting laxshooting airport ## ClusterQuery 1: 874 fire highparkfire wildfire springs colorado ## ClusterQuery 2: 1360 qldfloods prayforboston bombing marathon bigwet boston ## , Mon Feb 26 20:40:08 GMT 2018, indexes/crisis3FireBombFlood 
399 , 1 , 512 , 7690.96602692018 , 0.82, 0.84, 0.83 , Job: 1 ClusterQuery 0: 875 lax shooting shooter los airport ## ClusterQuery 1: 814 bostonmarathon boston marathon bombing prayforboston ## ClusterQuery 2: 1563 bigwet colorado highparkfire fire flooding qldfloods ## , Mon Feb 26 20:43:58 GMT 2018, indexes/crisis3FireBombFlood 
399 , 2 , 512 , 8118.101723884966 , 0.82, 0.82, 0.84 , Job: 2 ClusterQuery 0: 874 wildfire springs highparkfire colorado fire ## ClusterQuery 1: 944 laxshooting shooting airport los lax ## ClusterQuery 2: 1468 boston bigwet prayforboston floods marathon qldfloods ## , Mon Feb 26 20:47:39 GMT 2018, indexes/crisis3FireBombFlood 
399 , 3 , 512 , 8207.548269514622 , 0.8, 0.81, 0.84 , Job: 3 ClusterQuery 0: 1588 shooting lax springs colorado airport laxshooting ## ClusterQuery 1: 814 bostonmarathon marathon prayforboston boston bombing ## ClusterQuery 2: 916 bigwet flooding highparkfire queensland qldfloods ## , Mon Feb 26 20:51:19 GMT 2018, indexes/crisis3FireBombFlood 
399 , 0 , 512 , 705.5608504128254 , 0.36, 0.67, 0.31 , Job: 0 ClusterQuery 0: 425 per children virus ## ClusterQuery 1: 1146 response tumor liver pulmonary lung pressure ## ClusterQuery 2: 161 gastric ## , Mon Feb 26 20:54:41 GMT 2018, indexes/Ohsc06MuscC08RespC11Eye 
399 , 1 , 512 , 334.6731687281194 , 0.41, 0.81, 0.29 , Job: 1 ClusterQuery 0: 339 gastric children ## ClusterQuery 1: 622 pulmonary lung ## ClusterQuery 2: 239 liver ## , Mon Feb 26 20:58:00 GMT 2018, indexes/Ohsc06MuscC08RespC11Eye 
399 , 2 , 512 , 410.88691734009024 , 0.4, 0.6, 0.33 , Job: 2 ClusterQuery 0: 378 liver carcinoma ## ClusterQuery 1: 1015 respiratory acute pulmonary children pressure ## ClusterQuery 2: 454 subjects surgery ## , Mon Feb 26 21:01:17 GMT 2018, indexes/Ohsc06MuscC08RespC11Eye 
399 , 3 , 512 , 308.8057195341388 , 0.29, 0.65, 0.2 , Job: 3 ClusterQuery 0: 339 gastric children ## ClusterQuery 1: 722 surgery small pressure tumor ## ClusterQuery 2: 239 liver ## , Mon Feb 26 21:04:34 GMT 2018, indexes/Ohsc06MuscC08RespC11Eye 
399 , 0 , 512 , 4481.209380826544 , 0.78, 0.95, 0.67 , Job: 0 ClusterQuery 0: 614 hockey game ## ClusterQuery 1: 890 jesus christian sin christians god church ## ClusterQuery 2: 622 shuttle space henry ## , Mon Feb 26 22:21:56 GMT 2018, indexes/20NG3SpaceHockeyChristian 
399 , 1 , 512 , 4756.872907423858 , 0.79, 0.9, 0.71 , Job: 1 ClusterQuery 0: 851 hockey play season game nhl ## ClusterQuery 1: 598 nasa orbit earth shuttle ## ClusterQuery 2: 876 christians jesus church christianity bible god ## , Mon Feb 26 22:25:53 GMT 2018, indexes/20NG3SpaceHockeyChristian 
399 , 2 , 512 , 4984.925669659561 , 0.8, 0.94, 0.7 , Job: 2 ClusterQuery 0: 870 bible god sin faith christians christian ## ClusterQuery 1: 701 game games hockey ## ClusterQuery 2: 653 henry nasa space ## , Mon Feb 26 22:29:51 GMT 2018, indexes/20NG3SpaceHockeyChristian 
399 , 3 , 512 , 4811.001009507903 , 0.8, 0.94, 0.7 , Job: 3 ClusterQuery 0: 787 christians christ god bible sin ## ClusterQuery 1: 714 orbit space nasa henry ## ClusterQuery 2: 710 game hockey play ## , Mon Feb 26 22:33:49 GMT 2018, indexes/20NG3SpaceHockeyChristian 
399 , 0 , 512 , 410.2139717466039 , 0.49, 0.93, 0.34 , Job: 0 ClusterQuery 0: 190 armenians armenian ## ClusterQuery 1: 613 space ## ClusterQuery 2: 414 bike ## ClusterQuery 3: 342 window ## ClusterQuery 4: 284 israeli ## , Mon Feb 26 22:41:26 GMT 2018, indexes/20NG5WindowsMotorcyclesSpaceMedMideast 
399 , 1 , 512 , 410.2139717466039 , 0.49, 0.93, 0.34 , Job: 1 ClusterQuery 0: 190 armenian armenians ## ClusterQuery 1: 613 space ## ClusterQuery 2: 414 bike ## ClusterQuery 3: 342 window ## ClusterQuery 4: 284 israeli ## , Mon Feb 26 22:48:57 GMT 2018, indexes/20NG5WindowsMotorcyclesSpaceMedMideast 
399 , 2 , 512 , 369.0812269883422 , 0.52, 0.92, 0.37 , Job: 2 ClusterQuery 0: 444 israel israeli ## ClusterQuery 1: 190 armenians armenian ## ClusterQuery 2: 613 space ## ClusterQuery 3: 414 bike ## ClusterQuery 4: 342 window ## , Mon Feb 26 22:56:37 GMT 2018, indexes/20NG5WindowsMotorcyclesSpaceMedMideast 
399 , 3 , 512 , 501.3407600940592 , 0.5, 0.84, 0.4 , Job: 3 ClusterQuery 0: 444 israel israeli ## ClusterQuery 1: 190 armenian armenians ## ClusterQuery 2: 414 bike ## ClusterQuery 3: 1391 long space system ## ClusterQuery 4: 342 window ## , Mon Feb 26 23:04:30 GMT 2018, indexes/20NG5WindowsMotorcyclesSpaceMedMideast 
39 , 0 , 512 , 653.794141701065 , 0.73, 0.92, 0.61 , Job: 0 ClusterQuery 0: 526 space ## ClusterQuery 1: 642 jesus faith sin church ## ClusterQuery 2: 812 team game play ## , Tue Feb 27 11:14:21 GMT 2018, indexes/20NG3SpaceHockeyChristian 
9 , 0 , 512 , 116.29899780086727 , 0.73, 0.85, 0.64 , Job: 0 ClusterQuery 0: 825 nasa paul space ## ClusterQuery 1: 640 god christ ## ClusterQuery 2: 800 game games team ## , Tue Feb 27 11:14:47 GMT 2018, indexes/20NG3SpaceHockeyChristian 
9 , 0 , 512 , 188.95626843502646 , 0.69, 0.86, 0.59 , Job: 0 ClusterQuery 0: 472 christian christians ## ClusterQuery 1: 701 games hockey game ## ClusterQuery 2: 945 faith nasa earth space ## , Tue Feb 27 11:26:16 GMT 2018, indexes/20NG3SpaceHockeyChristian 
